name,email,company,position,industry,website
John Smith,john.smith@techcorp.com,TechCorp Inc,CTO,Technology,https://techcorp.com
Sarah Johnson,sarah@innovateai.com,InnovateAI,CEO,Artificial Intelligence,https://innovateai.com
Michael Chen,mchen@scaleco.io,ScaleCo,VP Engineering,SaaS,https://scaleco.io
Emma Rodriguez,emma@growthstartup.com,GrowthStartup,Head of Growth,Marketing Technology,https://growthstartup.com
David Kim,david@futuretech.ai,FutureTech,Founder & CEO,Machine Learning,https://futuretech.ai
Lisa Wang,lisa.wang@cloudnine.com,CloudNine Solutions,Director of Product,Cloud Computing,https://cloudnine.com
Robert Taylor,rtaylor@datainsights.co,DataInsights Co,Chief Data Officer,Analytics,https://datainsights.co
Amanda Foster,amanda@automateflow.io,AutomateFlow,VP of Sales,Workflow Automation,https://automateflow.io
James Wilson,james@securetech.com,SecureTech,CISO,Cybersecurity,https://securetech.com
Maria Garcia,maria@healthtech.org,HealthTech Innovations,CTO,Healthcare Technology,https://healthtech.org
Kevin Brown,kevin@financeai.com,FinanceAI,Head of Engineering,FinTech,https://financeai.com
Rachel Davis,rachel@ecommerceplus.com,EcommercePlus,Director of Technology,E-commerce,https://ecommerceplus.com
Thomas Anderson,thomas@blockchain.ventures,Blockchain Ventures,Technical Lead,Blockchain,https://blockchain.ventures
Jennifer Lee,jennifer@mobilefirst.app,MobileFirst,Product Manager,Mobile Technology,https://mobilefirst.app
Mark Thompson,mark@iotconnect.com,IoT Connect,VP of Innovation,Internet of Things,https://iotconnect.com
Nicole Martinez,nicole@edtech.solutions,EdTech Solutions,Chief Technology Officer,Education Technology,https://edtech.solutions
Andrew Clark,andrew@retailtech.co,RetailTech Co,Head of Digital,Retail Technology,https://retailtech.co
Stephanie White,stephanie@proptech.io,PropTech,Director of Engineering,Real Estate Technology,https://proptech.io
Christopher Hall,chris@agritech.farm,AgriTech Innovations,CTO,Agricultural Technology,https://agritech.farm
Jessica Adams,jessica@transporttech.com,TransportTech,VP of Product,Transportation Technology,https://transporttech.com
Daniel Rodriguez,daniel@energytech.green,EnergyTech Solutions,Chief Innovation Officer,Clean Energy,https://energytech.green
Lauren Johnson,lauren@mediatech.digital,MediaTech Digital,Head of Technology,Media Technology,https://mediatech.digital
Ryan Miller,ryan@sporttech.fit,SportTech,Director of Product,Sports Technology,https://sporttech.fit
Samantha Wilson,samantha@traveltech.journey,TravelTech,VP of Engineering,Travel Technology,https://traveltech.journey
Jason Moore,jason@foodtech.taste,FoodTech Innovations,CTO,Food Technology,https://foodtech.taste